{
  "Your_Store_Link_Laptops_All" : {
    "transaction" : "Your_Store_Link_Laptops_All",
    "sampleCount" : 10,
    "errorCount" : 0,
    "errorPct" : 0.0,
    "meanResTime" : 346.0,
    "medianResTime" : 343.0,
    "minResTime" : 331.0,
    "maxResTime" : 376.0,
    "pct1ResTime" : 374.4,
    "pct2ResTime" : 376.0,
    "pct3ResTime" : 376.0,
    "throughput" : 1.9920318725099602,
    "receivedKBytesPerSec" : 69.61217629482073,
    "sentKBytesPerSec" : 0.3170910109561753
  },
  "Your_Store_Link_Phones_All" : {
    "transaction" : "Your_Store_Link_Phones_All",
    "sampleCount" : 10,
    "errorCount" : 0,
    "errorPct" : 0.0,
    "meanResTime" : 332.59999999999997,
    "medianResTime" : 329.0,
    "minResTime" : 322.0,
    "maxResTime" : 348.0,
    "pct1ResTime" : 347.7,
    "pct2ResTime" : 348.0,
    "pct3ResTime" : 348.0,
    "throughput" : 1.5730690577316344,
    "receivedKBytesPerSec" : 47.781972628598396,
    "sentKBytesPerSec" : 0.250400641025641
  },
  "Your_Store_Link" : {
    "transaction" : "Your_Store_Link",
    "sampleCount" : 10,
    "errorCount" : 0,
    "errorPct" : 0.0,
    "meanResTime" : 528.0,
    "medianResTime" : 464.0,
    "minResTime" : 450.0,
    "maxResTime" : 774.0,
    "pct1ResTime" : 773.6,
    "pct2ResTime" : 774.0,
    "pct3ResTime" : 774.0,
    "throughput" : 2.282583884957772,
    "receivedKBytesPerSec" : 62.505795623145396,
    "sentKBytesPerSec" : 0.27417755649395115
  },
  "Total" : {
    "transaction" : "Total",
    "sampleCount" : 30,
    "errorCount" : 0,
    "errorPct" : 0.0,
    "meanResTime" : 402.20000000000005,
    "medianResTime" : 347.5,
    "minResTime" : 322.0,
    "maxResTime" : 774.0,
    "pct1ResTime" : 494.20000000000005,
    "pct2ResTime" : 771.8,
    "pct3ResTime" : 774.0,
    "throughput" : 2.737476047084588,
    "receivedKBytesPerSec" : 84.5917524979469,
    "sentKBytesPerSec" : 0.40010636235057945
  }
}